<?xml version="1.0" encoding="UTF-8" ?>
<parameters>
					<parameter name="randomSeed" displayName="Default Random Seed" type="int" 
						defaultValue="__NULL__"
						isReadOnly="false" 
						converter="repast.simphony.parameter.StringConverterFactory$IntConverter"
									
		/>
				<parameter name="gridHeight" displayName="Grid Height" type="int" 
						defaultValue="40" 
						isReadOnly="false" 
						converter="repast.simphony.parameter.StringConverterFactory$IntConverter"
									
		/>		
		    	<parameter name="gridWidth" displayName="Grid Width" type="int" 
						defaultValue="60" 
						isReadOnly="false" 
						converter="repast.simphony.parameter.StringConverterFactory$IntConverter"
									
		/>
				<parameter name="negativityLevel" displayName="Negativity level of negative reviewer. Range 1 - 10" type="double" 
						defaultValue="2" 
						isReadOnly="false" 
						converter="repast.simphony.parameter.StringConverterFactory$DoubleConverter"
									
		/>
				<parameter name="watcherCount" displayName="Intial number of Watchers." type="int" 
						defaultValue="20" 
						isReadOnly="false" 
						converter="repast.simphony.parameter.StringConverterFactory$IntConverter"
									
		/>
				<parameter name="positivityLevel" displayName="Positivity level of positive reviewer. Range 1 - 10" type="double" 
						defaultValue="2" 
						isReadOnly="false" 
						converter="repast.simphony.parameter.StringConverterFactory$DoubleConverter"
									
		/>
				<parameter name="negativeReviewerCount" displayName="Initial number of Negative Reviewers" type="int" 
						defaultValue="20" 
						isReadOnly="false" 
						converter="repast.simphony.parameter.StringConverterFactory$IntConverter"
									
		/>
				<parameter name="reviewerCount" displayName="Initial number of Reviewers" type="int" 
						defaultValue="20" 
						isReadOnly="false" 
						converter="repast.simphony.parameter.StringConverterFactory$IntConverter"
									
		/>
				<parameter name="positiveReviewerCount" displayName="Initial number of Postive Reviewers" type="int" 
						defaultValue="20" 
						isReadOnly="false" 
						converter="repast.simphony.parameter.StringConverterFactory$IntConverter"
									
		/>
	
		</parameters>


