<?xml version="1.0" encoding="UTF-8" ?>
<parameters>
					<parameter name="randomSeed" displayName="Default Random Seed" type="int" 
						defaultValue="__NULL__"
						isReadOnly="false" 
						converter="repast.simphony.parameter.StringConverterFactory$IntConverter"
									
		/>
				<parameter name="gridHeight" displayName="Grid Height" type="int" 
						defaultValue="5" 
						isReadOnly="false" 
						converter="repast.simphony.parameter.StringConverterFactory$IntConverter"
									
		/>
				<parameter name="negativityLevel" displayName="Negativity level of negative reviewer. Range 1 - 5 (1 Most Neg)" type="double" 
						defaultValue="1.0" 
						isReadOnly="false" 
						converter="repast.simphony.parameter.StringConverterFactory$DoubleConverter"
									
		/>
				<parameter name="watcherCount" displayName="Number of Watchers" type="int" 
						defaultValue="1" 
						isReadOnly="false" 
						converter="repast.simphony.parameter.StringConverterFactory$IntConverter"
									
		/>
				<parameter name="positivityLevel" displayName="Positivity level of positive reviewer. Range 5 - 10 (10 Most Pos)" type="double" 
						defaultValue="10.0" 
						isReadOnly="false" 
						converter="repast.simphony.parameter.StringConverterFactory$DoubleConverter"
									
		/>
				<parameter name="negativeReviewerCount" displayName="Number of Negative Reviewers" type="int" 
						defaultValue="5" 
						isReadOnly="false" 
						converter="repast.simphony.parameter.StringConverterFactory$IntConverter"
									
		/>
				<parameter name="gridWidth" displayName="Grid Width" type="int" 
						defaultValue="5" 
						isReadOnly="false" 
						converter="repast.simphony.parameter.StringConverterFactory$IntConverter"
									
		/>
				<parameter name="reviewerCount" displayName="Number of Reviewers" type="int" 
						defaultValue="1" 
						isReadOnly="false" 
						converter="repast.simphony.parameter.StringConverterFactory$IntConverter"
									
		/>
				<parameter name="positiveReviewerCount" displayName="Number of Postive Reviewers" type="int" 
						defaultValue="5" 
						isReadOnly="false" 
						converter="repast.simphony.parameter.StringConverterFactory$IntConverter"
									
		/>
		</parameters>


