<repast.simphony.data2.engine.DataSetDescriptor>
  <name>Postiive Review Data Set of File Output</name>
  <type>AGGREGATE</type>
  <inclTick>true</inclTick>
  <inclBatchRun>false</inclBatchRun>
  <inclRandomSeed>false</inclRandomSeed>
  <scheduleParams>
    <start>1.0</start>
    <interval>1.0</interval>
    <priority>-Infinity</priority>
    <pType>LAST</pType>
    <duration>-1.0</duration>
    <frequency>REPEAT</frequency>
    <hashCode>-771527946</hashCode>
  </scheduleParams>
  <atEnd>false</atEnd>
  <methodDataSources class="linked-hash-map">
    <entry>
      <string>Min Rating</string>
      <repast.simphony.data2.engine.MethodDataSourceDefinition>
        <id>Min Rating</id>
        <className>reviewmodel.agents.PositiveReviewer</className>
        <methodName>getRate</methodName>
        <aggType>MIN</aggType>
      </repast.simphony.data2.engine.MethodDataSourceDefinition>
    </entry>
    <entry>
      <string>Max Rating</string>
      <repast.simphony.data2.engine.MethodDataSourceDefinition>
        <id>Max Rating</id>
        <className>reviewmodel.agents.PositiveReviewer</className>
        <methodName>getRate</methodName>
        <aggType>MAX</aggType>
      </repast.simphony.data2.engine.MethodDataSourceDefinition>
    </entry>
    <entry>
      <string>Mean Rating</string>
      <repast.simphony.data2.engine.MethodDataSourceDefinition>
        <id>Mean Rating</id>
        <className>reviewmodel.agents.PositiveReviewer</className>
        <methodName>getRate</methodName>
        <aggType>MEAN</aggType>
      </repast.simphony.data2.engine.MethodDataSourceDefinition>
    </entry>
  </methodDataSources>
  <countSources class="linked-hash-map"/>
  <customNADataSources class="linked-hash-map"/>
  <customAggDataSources class="linked-hash-map"/>
</repast.simphony.data2.engine.DataSetDescriptor>