<repast.simphony.chart2.engine.HistogramChartDescriptor>
  <name>Histogram Chart for Postive Reviewers</name>
  <dataSet>Positive Reviewers Rating Data Set</dataSet>
  <xAxisLabel>Rating</xAxisLabel>
  <yAxisLabel>Count</yAxisLabel>
  <chartTitle>Positive Reviewers Rating</chartTitle>
  <type>HISTOGRAM</type>
  <background>
    <red>204</red>
    <green>204</green>
    <blue>204</blue>
    <alpha>255</alpha>
  </background>
  <gridLineColor>
    <red>255</red>
    <green>255</green>
    <blue>255</blue>
    <alpha>255</alpha>
  </gridLineColor>
  <showGrid>true</showGrid>
  <showLegend>true</showLegend>
  <histType>STATIC</histType>
  <binCount>10</binCount>
  <sourceId>Rate</sourceId>
  <outOfRange>IGNORE</outOfRange>
  <min>1.0</min>
  <max>10.0</max>
  <barColor>
    <red>255</red>
    <green>255</green>
    <blue>51</blue>
    <alpha>255</alpha>
  </barColor>
</repast.simphony.chart2.engine.HistogramChartDescriptor>