<repast.simphony.data2.engine.FileSinkDescriptor>
  <name>Positive Reviewer File Sink</name>
  <dataSet>Postiive Review Data Set of File Output</dataSet>
  <delimiter>;</delimiter>
  <format>TABULAR</format>
  <sourceIds class="linked-hash-set">
    <string>tick</string>
    <string>Min Rating</string>
    <string>Max Rating</string>
    <string>Mean Rating</string>
  </sourceIds>
  <fileName>Positive Review Model Output.txt</fileName>
  <addTimeStamp>true</addTimeStamp>
</repast.simphony.data2.engine.FileSinkDescriptor>